CREATE DATABASE  IF NOT EXISTS `quiz_spring` /*!40100 DEFAULT CHARACTER SET utf8 */ /*!80016 DEFAULT ENCRYPTION='N' */;
USE `quiz_spring`;
-- MySQL dump 10.13  Distrib 8.0.18, for Win64 (x86_64)
--
-- Host: localhost    Database: quiz_spring
-- ------------------------------------------------------
-- Server version	8.0.18

/*!40101 SET @OLD_CHARACTER_SET_CLIENT=@@CHARACTER_SET_CLIENT */;
/*!40101 SET @OLD_CHARACTER_SET_RESULTS=@@CHARACTER_SET_RESULTS */;
/*!40101 SET @OLD_COLLATION_CONNECTION=@@COLLATION_CONNECTION */;
/*!50503 SET NAMES utf8 */;
/*!40103 SET @OLD_TIME_ZONE=@@TIME_ZONE */;
/*!40103 SET TIME_ZONE='+00:00' */;
/*!40014 SET @OLD_UNIQUE_CHECKS=@@UNIQUE_CHECKS, UNIQUE_CHECKS=0 */;
/*!40014 SET @OLD_FOREIGN_KEY_CHECKS=@@FOREIGN_KEY_CHECKS, FOREIGN_KEY_CHECKS=0 */;
/*!40101 SET @OLD_SQL_MODE=@@SQL_MODE, SQL_MODE='NO_AUTO_VALUE_ON_ZERO' */;
/*!40111 SET @OLD_SQL_NOTES=@@SQL_NOTES, SQL_NOTES=0 */;

--
-- Table structure for table `game`
--

DROP TABLE IF EXISTS `game`;
/*!40101 SET @saved_cs_client     = @@character_set_client */;
/*!50503 SET character_set_client = utf8mb4 */;
CREATE TABLE `game` (
  `game_id` bigint(20) NOT NULL AUTO_INCREMENT,
  `current_phase` int(11) DEFAULT NULL,
  `number_of_questions` int(11) NOT NULL,
  `status` varchar(255) NOT NULL,
  `time_per_question` int(11) NOT NULL,
  `team_id` bigint(20) DEFAULT NULL,
  PRIMARY KEY (`game_id`),
  KEY `FK1gq3iavetstsxyuqd92o5e6lj` (`team_id`),
  CONSTRAINT `FK1gq3iavetstsxyuqd92o5e6lj` FOREIGN KEY (`team_id`) REFERENCES `team` (`team_id`)
) ENGINE=InnoDB AUTO_INCREMENT=28 DEFAULT CHARSET=utf8;
/*!40101 SET character_set_client = @saved_cs_client */;

--
-- Dumping data for table `game`
--

LOCK TABLES `game` WRITE;
/*!40000 ALTER TABLE `game` DISABLE KEYS */;
INSERT INTO `game` VALUES (1,NULL,10,'ONGOING',60,NULL),(2,NULL,10,'ONGOING',60,NULL),(3,NULL,10,'ONGOING',60,NULL),(4,NULL,10,'ONGOING',60,NULL),(5,NULL,10,'ONGOING',60,NULL),(6,NULL,10,'ONGOING',60,NULL),(7,NULL,10,'ONGOING',60,NULL),(8,NULL,10,'ONGOING',60,NULL),(9,NULL,10,'ONGOING',60,NULL),(10,NULL,10,'ONGOING',60,NULL),(11,NULL,10,'ONGOING',60,NULL),(12,NULL,10,'ONGOING',60,NULL),(13,NULL,10,'ONGOING',60,1),(14,NULL,10,'ONGOING',60,1),(15,NULL,10,'ONGOING',60,1),(16,0,10,'ONGOING',60,1),(17,0,10,'ONGOING',60,1),(18,0,10,'ONGOING',60,1),(19,0,10,'ONGOING',60,1),(20,0,10,'ONGOING',60,1),(21,1,10,'ONGOING',60,1),(22,1,10,'ONGOING',60,1),(23,1,10,'ONGOING',60,1),(24,10,10,'PENDING',60,1),(25,3,10,'ONGOING',60,1),(26,0,10,'ONGOING',60,1),(27,10,10,'PENDING',60,1);
/*!40000 ALTER TABLE `game` ENABLE KEYS */;
UNLOCK TABLES;

--
-- Table structure for table `phase`
--

DROP TABLE IF EXISTS `phase`;
/*!40101 SET @saved_cs_client     = @@character_set_client */;
/*!50503 SET character_set_client = utf8mb4 */;
CREATE TABLE `phase` (
  `phase_id` bigint(20) NOT NULL AUTO_INCREMENT,
  `deadline` datetime(6) DEFAULT NULL,
  `end_time` datetime(6) DEFAULT NULL,
  `given_answer` varchar(255) DEFAULT NULL,
  `hint_used` bit(1) DEFAULT NULL,
  `is_correct` bit(1) DEFAULT NULL,
  `start_time` datetime(6) DEFAULT NULL,
  `game_id` bigint(20) DEFAULT NULL,
  `question_id` bigint(20) NOT NULL,
  PRIMARY KEY (`phase_id`),
  KEY `FKj3o685fwog1jbqgbe2uxieu3c` (`game_id`),
  KEY `FK4xt7825bx2dmr2knndwc4lcda` (`question_id`),
  CONSTRAINT `FK4xt7825bx2dmr2knndwc4lcda` FOREIGN KEY (`question_id`) REFERENCES `question` (`question_id`),
  CONSTRAINT `FKj3o685fwog1jbqgbe2uxieu3c` FOREIGN KEY (`game_id`) REFERENCES `game` (`game_id`)
) ENGINE=InnoDB AUTO_INCREMENT=258 DEFAULT CHARSET=utf8;
/*!40101 SET character_set_client = @saved_cs_client */;

--
-- Dumping data for table `phase`
--

LOCK TABLES `phase` WRITE;
/*!40000 ALTER TABLE `phase` DISABLE KEYS */;
INSERT INTO `phase` VALUES (1,'2020-01-30 13:49:21.923000','2020-01-30 13:49:21.923000',NULL,NULL,NULL,'2020-01-30 13:49:21.922000',NULL,2),(2,'2020-01-30 13:49:21.935000','2020-01-30 13:49:21.935000',NULL,NULL,NULL,'2020-01-30 13:49:21.935000',NULL,1),(3,'2020-01-30 13:49:21.941000','2020-01-30 13:49:21.941000',NULL,NULL,NULL,'2020-01-30 13:49:21.941000',NULL,4),(4,'2020-01-30 13:49:21.946000','2020-01-30 13:49:21.946000',NULL,NULL,NULL,'2020-01-30 13:49:21.946000',NULL,6),(5,'2020-01-30 13:49:21.951000','2020-01-30 13:49:21.951000',NULL,NULL,NULL,'2020-01-30 13:49:21.951000',NULL,9),(6,'2020-01-30 13:49:21.956000','2020-01-30 13:49:21.956000',NULL,NULL,NULL,'2020-01-30 13:49:21.956000',NULL,8),(7,'2020-01-30 13:49:21.963000','2020-01-30 13:49:21.963000',NULL,NULL,NULL,'2020-01-30 13:49:21.963000',NULL,3),(8,'2020-01-30 13:49:21.969000','2020-01-30 13:49:21.969000',NULL,NULL,NULL,'2020-01-30 13:49:21.969000',NULL,5),(9,'2020-01-30 13:49:21.974000','2020-01-30 13:49:21.974000',NULL,NULL,NULL,'2020-01-30 13:49:21.974000',NULL,7),(10,'2020-01-30 13:49:21.980000','2020-01-30 13:49:21.980000',NULL,NULL,NULL,'2020-01-30 13:49:21.980000',NULL,10),(11,'2020-01-30 13:50:37.150000','2020-01-30 13:50:37.150000',NULL,NULL,NULL,'2020-01-30 13:50:37.150000',NULL,8),(12,'2020-01-30 13:50:37.155000','2020-01-30 13:50:37.155000',NULL,NULL,NULL,'2020-01-30 13:50:37.155000',NULL,6),(13,'2020-01-30 13:50:37.159000','2020-01-30 13:50:37.159000',NULL,NULL,NULL,'2020-01-30 13:50:37.159000',NULL,1),(14,'2020-01-30 13:50:37.164000','2020-01-30 13:50:37.164000',NULL,NULL,NULL,'2020-01-30 13:50:37.164000',NULL,4),(15,'2020-01-30 13:50:37.169000','2020-01-30 13:50:37.169000',NULL,NULL,NULL,'2020-01-30 13:50:37.169000',NULL,2),(16,'2020-01-30 13:50:37.174000','2020-01-30 13:50:37.174000',NULL,NULL,NULL,'2020-01-30 13:50:37.174000',NULL,10),(17,'2020-01-30 13:50:37.178000','2020-01-30 13:50:37.178000',NULL,NULL,NULL,'2020-01-30 13:50:37.178000',NULL,5),(18,'2020-01-30 13:50:37.184000','2020-01-30 13:50:37.184000',NULL,NULL,NULL,'2020-01-30 13:50:37.184000',NULL,7),(19,'2020-01-30 13:50:37.188000','2020-01-30 13:50:37.188000',NULL,NULL,NULL,'2020-01-30 13:50:37.188000',NULL,9),(20,'2020-01-30 13:50:37.192000','2020-01-30 13:50:37.192000',NULL,NULL,NULL,'2020-01-30 13:50:37.192000',NULL,3),(21,'2020-01-30 13:54:56.310000','2020-01-30 13:54:56.310000',NULL,NULL,NULL,'2020-01-30 13:54:56.309000',NULL,2),(22,'2020-01-30 13:54:56.319000','2020-01-30 13:54:56.319000',NULL,NULL,NULL,'2020-01-30 13:54:56.319000',NULL,1),(23,'2020-01-30 13:54:56.324000','2020-01-30 13:54:56.324000',NULL,NULL,NULL,'2020-01-30 13:54:56.324000',NULL,6),(24,'2020-01-30 13:54:56.329000','2020-01-30 13:54:56.329000',NULL,NULL,NULL,'2020-01-30 13:54:56.329000',NULL,5),(25,'2020-01-30 13:54:56.335000','2020-01-30 13:54:56.335000',NULL,NULL,NULL,'2020-01-30 13:54:56.335000',NULL,9),(26,'2020-01-30 13:54:56.339000','2020-01-30 13:54:56.339000',NULL,NULL,NULL,'2020-01-30 13:54:56.339000',NULL,4),(27,'2020-01-30 13:54:56.345000','2020-01-30 13:54:56.345000',NULL,NULL,NULL,'2020-01-30 13:54:56.345000',NULL,7),(28,'2020-01-30 13:54:56.350000','2020-01-30 13:54:56.350000',NULL,NULL,NULL,'2020-01-30 13:54:56.350000',NULL,3),(29,'2020-01-30 13:54:56.355000','2020-01-30 13:54:56.355000',NULL,NULL,NULL,'2020-01-30 13:54:56.355000',NULL,10),(30,'2020-01-30 13:54:56.361000','2020-01-30 13:54:56.361000',NULL,NULL,NULL,'2020-01-30 13:54:56.361000',NULL,8),(31,'2020-01-30 14:02:17.110000','2020-01-30 14:02:17.110000',NULL,NULL,NULL,'2020-01-30 14:02:17.110000',NULL,3),(32,'2020-01-30 14:02:17.118000','2020-01-30 14:02:17.118000',NULL,NULL,NULL,'2020-01-30 14:02:17.118000',NULL,7),(33,'2020-01-30 14:02:17.123000','2020-01-30 14:02:17.123000',NULL,NULL,NULL,'2020-01-30 14:02:17.123000',NULL,10),(34,'2020-01-30 14:02:17.128000','2020-01-30 14:02:17.128000',NULL,NULL,NULL,'2020-01-30 14:02:17.128000',NULL,4),(35,'2020-01-30 14:02:17.132000','2020-01-30 14:02:17.133000',NULL,NULL,NULL,'2020-01-30 14:02:17.132000',NULL,5),(36,'2020-01-30 14:02:17.137000','2020-01-30 14:02:17.137000',NULL,NULL,NULL,'2020-01-30 14:02:17.137000',NULL,1),(37,'2020-01-30 14:02:17.143000','2020-01-30 14:02:17.143000',NULL,NULL,NULL,'2020-01-30 14:02:17.143000',NULL,6),(38,'2020-01-30 14:02:17.148000','2020-01-30 14:02:17.148000',NULL,NULL,NULL,'2020-01-30 14:02:17.148000',NULL,2),(39,'2020-01-30 14:02:17.153000','2020-01-30 14:02:17.153000',NULL,NULL,NULL,'2020-01-30 14:02:17.153000',NULL,9),(40,'2020-01-30 14:02:17.157000','2020-01-30 14:02:17.157000',NULL,NULL,NULL,'2020-01-30 14:02:17.157000',NULL,8),(41,'2020-01-30 14:03:32.156000','2020-01-30 14:03:32.156000',NULL,NULL,NULL,'2020-01-30 14:03:32.154000',NULL,6),(42,'2020-01-30 14:03:32.219000','2020-01-30 14:03:32.219000',NULL,NULL,NULL,'2020-01-30 14:03:32.219000',NULL,10),(43,'2020-01-30 14:03:32.265000','2020-01-30 14:03:32.265000',NULL,NULL,NULL,'2020-01-30 14:03:32.265000',NULL,3),(44,'2020-01-30 14:03:32.310000','2020-01-30 14:03:32.310000',NULL,NULL,NULL,'2020-01-30 14:03:32.310000',NULL,4),(45,'2020-01-30 14:03:32.355000','2020-01-30 14:03:32.355000',NULL,NULL,NULL,'2020-01-30 14:03:32.355000',NULL,7),(46,'2020-01-30 14:03:32.399000','2020-01-30 14:03:32.399000',NULL,NULL,NULL,'2020-01-30 14:03:32.399000',NULL,8),(47,'2020-01-30 14:03:32.447000','2020-01-30 14:03:32.447000',NULL,NULL,NULL,'2020-01-30 14:03:32.447000',NULL,1),(48,'2020-01-30 14:03:32.495000','2020-01-30 14:03:32.495000',NULL,NULL,NULL,'2020-01-30 14:03:32.495000',NULL,2),(49,'2020-01-30 14:03:32.542000','2020-01-30 14:03:32.542000',NULL,NULL,NULL,'2020-01-30 14:03:32.542000',NULL,5),(50,'2020-01-30 14:03:32.589000','2020-01-30 14:03:32.589000',NULL,NULL,NULL,'2020-01-30 14:03:32.589000',NULL,9),(51,'2020-01-30 14:31:41.972000','2020-01-30 14:31:41.972000',NULL,NULL,NULL,'2020-01-30 14:31:41.971000',NULL,2),(52,'2020-01-30 14:31:41.983000','2020-01-30 14:31:41.983000',NULL,NULL,NULL,'2020-01-30 14:31:41.983000',NULL,1),(53,'2020-01-30 14:31:41.989000','2020-01-30 14:31:41.989000',NULL,NULL,NULL,'2020-01-30 14:31:41.989000',NULL,6),(54,'2020-01-30 14:31:41.996000','2020-01-30 14:31:41.996000',NULL,NULL,NULL,'2020-01-30 14:31:41.996000',NULL,3),(55,'2020-01-30 14:31:42.003000','2020-01-30 14:31:42.003000',NULL,NULL,NULL,'2020-01-30 14:31:42.003000',NULL,4),(56,'2020-01-30 14:31:42.009000','2020-01-30 14:31:42.009000',NULL,NULL,NULL,'2020-01-30 14:31:42.009000',NULL,7),(57,'2020-01-30 14:31:42.015000','2020-01-30 14:31:42.015000',NULL,NULL,NULL,'2020-01-30 14:31:42.015000',NULL,9),(58,'2020-01-30 14:31:42.023000','2020-01-30 14:31:42.023000',NULL,NULL,NULL,'2020-01-30 14:31:42.023000',NULL,10),(59,'2020-01-30 14:31:42.030000','2020-01-30 14:31:42.030000',NULL,NULL,NULL,'2020-01-30 14:31:42.030000',NULL,8),(60,'2020-01-30 14:31:42.037000','2020-01-30 14:31:42.037000',NULL,NULL,NULL,'2020-01-30 14:31:42.037000',NULL,5),(61,'2020-01-30 14:32:27.655000','2020-01-30 14:32:27.655000',NULL,NULL,NULL,'2020-01-30 14:32:27.655000',NULL,10),(62,'2020-01-30 14:32:27.663000','2020-01-30 14:32:27.663000',NULL,NULL,NULL,'2020-01-30 14:32:27.663000',NULL,6),(63,'2020-01-30 14:32:27.668000','2020-01-30 14:32:27.668000',NULL,NULL,NULL,'2020-01-30 14:32:27.668000',NULL,5),(64,'2020-01-30 14:32:27.674000','2020-01-30 14:32:27.674000',NULL,NULL,NULL,'2020-01-30 14:32:27.674000',NULL,7),(65,'2020-01-30 14:32:27.678000','2020-01-30 14:32:27.678000',NULL,NULL,NULL,'2020-01-30 14:32:27.678000',NULL,1),(66,'2020-01-30 14:32:27.684000','2020-01-30 14:32:27.684000',NULL,NULL,NULL,'2020-01-30 14:32:27.684000',NULL,3),(67,'2020-01-30 14:32:27.689000','2020-01-30 14:32:27.689000',NULL,NULL,NULL,'2020-01-30 14:32:27.689000',NULL,8),(68,'2020-01-30 14:32:27.693000','2020-01-30 14:32:27.693000',NULL,NULL,NULL,'2020-01-30 14:32:27.693000',NULL,9),(69,'2020-01-30 14:32:27.698000','2020-01-30 14:32:27.698000',NULL,NULL,NULL,'2020-01-30 14:32:27.698000',NULL,2),(70,'2020-01-30 14:32:27.704000','2020-01-30 14:32:27.704000',NULL,NULL,NULL,'2020-01-30 14:32:27.704000',NULL,4),(71,'2020-01-30 14:43:17.465000','2020-01-30 14:43:22.629000',NULL,NULL,NULL,'2020-01-30 14:43:17.010000',NULL,4),(72,'2020-01-30 15:53:24.105000','2020-01-30 15:53:24.105000',NULL,NULL,NULL,'2020-01-30 15:53:24.105000',NULL,5),(73,'2020-01-30 15:53:24.117000','2020-01-30 15:53:24.117000',NULL,NULL,NULL,'2020-01-30 15:53:24.117000',NULL,3),(74,'2020-01-30 15:53:24.125000','2020-01-30 15:53:24.125000',NULL,NULL,NULL,'2020-01-30 15:53:24.125000',NULL,8),(75,'2020-01-30 15:53:24.134000','2020-01-30 15:53:24.134000',NULL,NULL,NULL,'2020-01-30 15:53:24.134000',NULL,10),(76,'2020-01-30 15:53:24.141000','2020-01-30 15:53:24.141000',NULL,NULL,NULL,'2020-01-30 15:53:24.141000',NULL,9),(78,'2020-01-30 16:48:55.825000','2020-01-30 16:46:13.046000',NULL,_binary '\0',_binary '\0','2020-01-30 16:47:55.825000',10,7),(79,'2020-01-30 16:46:13.130000','2020-01-30 16:46:13.131000',NULL,NULL,NULL,'2020-01-30 16:46:13.130000',10,8),(80,'2020-01-30 16:46:13.194000','2020-01-30 16:46:13.194000',NULL,NULL,NULL,'2020-01-30 16:46:13.194000',10,5),(81,'2020-01-30 16:46:13.255000','2020-01-30 16:46:13.255000',NULL,NULL,NULL,'2020-01-30 16:46:13.255000',10,10),(82,'2020-01-30 16:46:13.328000','2020-01-30 16:46:13.328000',NULL,NULL,NULL,'2020-01-30 16:46:13.328000',10,4),(83,'2020-01-30 16:46:13.390000','2020-01-30 16:46:13.390000',NULL,NULL,NULL,'2020-01-30 16:46:13.390000',10,1),(84,'2020-01-30 16:46:13.451000','2020-01-30 16:46:13.452000',NULL,NULL,NULL,'2020-01-30 16:46:13.451000',10,3),(85,'2020-01-30 16:46:13.533000','2020-01-30 16:46:13.533000',NULL,NULL,NULL,'2020-01-30 16:46:13.533000',10,9),(86,'2020-01-30 16:46:13.611000','2020-01-30 16:46:13.611000',NULL,NULL,NULL,'2020-01-30 16:46:13.611000',10,6),(87,'2020-01-30 16:46:13.673000','2020-01-30 16:46:13.674000',NULL,NULL,NULL,'2020-01-30 16:46:13.673000',10,2),(88,'2020-01-30 16:51:57.969000','2020-01-30 16:50:50.173000',NULL,_binary '\0',_binary '\0','2020-01-30 16:50:57.969000',11,2),(89,'2020-01-30 16:50:50.184000','2020-01-30 16:50:50.184000',NULL,NULL,NULL,'2020-01-30 16:50:50.184000',11,9),(90,'2020-01-30 16:50:50.190000','2020-01-30 16:50:50.190000',NULL,NULL,NULL,'2020-01-30 16:50:50.190000',11,5),(91,'2020-01-30 16:50:50.196000','2020-01-30 16:50:50.196000',NULL,NULL,NULL,'2020-01-30 16:50:50.196000',11,3),(92,'2020-01-30 16:50:50.204000','2020-01-30 16:50:50.204000',NULL,NULL,NULL,'2020-01-30 16:50:50.204000',11,10),(93,'2020-01-30 16:50:50.210000','2020-01-30 16:50:50.210000',NULL,NULL,NULL,'2020-01-30 16:50:50.210000',11,8),(94,'2020-01-30 16:50:50.216000','2020-01-30 16:50:50.216000',NULL,NULL,NULL,'2020-01-30 16:50:50.216000',11,6),(95,'2020-01-30 16:50:50.222000','2020-01-30 16:50:50.222000',NULL,NULL,NULL,'2020-01-30 16:50:50.222000',11,1),(96,'2020-01-30 16:50:50.229000','2020-01-30 16:50:50.229000',NULL,NULL,NULL,'2020-01-30 16:50:50.229000',11,4),(97,'2020-01-30 16:50:50.235000','2020-01-30 16:50:50.235000',NULL,NULL,NULL,'2020-01-30 16:50:50.235000',11,7),(98,'2020-01-30 16:52:41.330000','2020-01-30 16:51:28.232000',NULL,_binary '\0',_binary '\0','2020-01-30 16:51:41.330000',12,2),(99,'2020-01-30 16:51:28.239000','2020-01-30 16:51:28.239000',NULL,NULL,NULL,'2020-01-30 16:51:28.239000',12,9),(100,'2020-01-30 16:51:28.243000','2020-01-30 16:51:28.243000',NULL,NULL,NULL,'2020-01-30 16:51:28.243000',12,5),(101,'2020-01-30 16:51:28.248000','2020-01-30 16:51:28.248000',NULL,NULL,NULL,'2020-01-30 16:51:28.248000',12,3),(102,'2020-01-30 16:51:28.254000','2020-01-30 16:51:28.254000',NULL,NULL,NULL,'2020-01-30 16:51:28.254000',12,8),(103,'2020-01-30 16:51:28.258000','2020-01-30 16:51:28.258000',NULL,NULL,NULL,'2020-01-30 16:51:28.258000',12,6),(104,'2020-01-30 16:51:28.263000','2020-01-30 16:51:28.263000',NULL,NULL,NULL,'2020-01-30 16:51:28.263000',12,7),(105,'2020-01-30 16:51:28.268000','2020-01-30 16:51:28.268000',NULL,NULL,NULL,'2020-01-30 16:51:28.268000',12,10),(106,'2020-01-30 16:51:28.273000','2020-01-30 16:51:28.273000',NULL,NULL,NULL,'2020-01-30 16:51:28.273000',12,1),(107,'2020-01-30 16:51:28.279000','2020-01-30 16:51:28.279000',NULL,NULL,NULL,'2020-01-30 16:51:28.279000',12,4),(108,'2020-01-30 17:09:21.524000','2020-01-30 17:07:47.078000',NULL,_binary '\0',_binary '\0','2020-01-30 17:08:21.524000',13,8),(109,'2020-01-30 17:07:47.178000','2020-01-30 17:07:47.178000',NULL,NULL,NULL,'2020-01-30 17:07:47.177000',13,2),(110,'2020-01-30 17:07:47.240000','2020-01-30 17:07:47.240000',NULL,NULL,NULL,'2020-01-30 17:07:47.240000',13,10),(111,'2020-01-30 17:07:47.304000','2020-01-30 17:07:47.304000',NULL,NULL,NULL,'2020-01-30 17:07:47.304000',13,3),(112,'2020-01-30 17:07:47.368000','2020-01-30 17:07:47.368000',NULL,NULL,NULL,'2020-01-30 17:07:47.368000',13,6),(113,'2020-01-30 17:07:47.431000','2020-01-30 17:07:47.431000',NULL,NULL,NULL,'2020-01-30 17:07:47.431000',13,1),(114,'2020-01-30 17:07:47.494000','2020-01-30 17:07:47.494000',NULL,NULL,NULL,'2020-01-30 17:07:47.494000',13,9),(115,'2020-01-30 17:07:47.565000','2020-01-30 17:07:47.565000',NULL,NULL,NULL,'2020-01-30 17:07:47.565000',13,5),(116,'2020-01-30 17:07:47.629000','2020-01-30 17:07:47.629000',NULL,NULL,NULL,'2020-01-30 17:07:47.629000',13,4),(117,'2020-01-30 17:07:47.692000','2020-01-30 17:07:47.692000',NULL,NULL,NULL,'2020-01-30 17:07:47.692000',13,7),(118,'2020-01-30 17:10:45.242000','2020-01-30 17:09:22.721000',NULL,_binary '\0',_binary '\0','2020-01-30 17:09:45.242000',14,3),(119,'2020-01-30 17:09:22.786000','2020-01-30 17:09:22.786000',NULL,NULL,NULL,'2020-01-30 17:09:22.786000',14,6),(120,'2020-01-30 17:09:22.850000','2020-01-30 17:09:22.850000',NULL,NULL,NULL,'2020-01-30 17:09:22.850000',14,2),(121,'2020-01-30 17:09:22.916000','2020-01-30 17:09:22.916000',NULL,NULL,NULL,'2020-01-30 17:09:22.916000',14,9),(122,'2020-01-30 17:09:22.981000','2020-01-30 17:09:22.981000',NULL,NULL,NULL,'2020-01-30 17:09:22.981000',14,4),(123,'2020-01-30 17:09:23.045000','2020-01-30 17:09:23.045000',NULL,NULL,NULL,'2020-01-30 17:09:23.045000',14,1),(124,'2020-01-30 17:09:23.109000','2020-01-30 17:09:23.109000',NULL,NULL,NULL,'2020-01-30 17:09:23.109000',14,5),(125,'2020-01-30 17:09:23.173000','2020-01-30 17:09:23.173000',NULL,NULL,NULL,'2020-01-30 17:09:23.173000',14,10),(126,'2020-01-30 17:09:23.237000','2020-01-30 17:09:23.237000',NULL,NULL,NULL,'2020-01-30 17:09:23.237000',14,7),(127,'2020-01-30 17:09:23.303000','2020-01-30 17:09:23.303000',NULL,NULL,NULL,'2020-01-30 17:09:23.303000',14,8),(128,'2020-01-30 17:14:38.673000','2020-01-30 17:12:44.857000',NULL,_binary '\0',_binary '\0','2020-01-30 17:13:38.673000',15,10),(129,'2020-01-30 17:12:44.926000','2020-01-30 17:12:44.926000',NULL,NULL,NULL,'2020-01-30 17:12:44.926000',15,3),(130,'2020-01-30 17:12:44.994000','2020-01-30 17:12:44.994000',NULL,NULL,NULL,'2020-01-30 17:12:44.994000',15,8),(131,'2020-01-30 17:12:45.060000','2020-01-30 17:12:45.060000',NULL,NULL,NULL,'2020-01-30 17:12:45.060000',15,9),(132,'2020-01-30 17:12:45.126000','2020-01-30 17:12:45.126000',NULL,NULL,NULL,'2020-01-30 17:12:45.126000',15,4),(133,'2020-01-30 17:12:45.200000','2020-01-30 17:12:45.200000',NULL,NULL,NULL,'2020-01-30 17:12:45.200000',15,7),(134,'2020-01-30 17:12:45.267000','2020-01-30 17:12:45.267000',NULL,NULL,NULL,'2020-01-30 17:12:45.267000',15,2),(135,'2020-01-30 17:12:45.332000','2020-01-30 17:12:45.332000',NULL,NULL,NULL,'2020-01-30 17:12:45.332000',15,6),(136,'2020-01-30 17:12:45.396000','2020-01-30 17:12:45.396000',NULL,NULL,NULL,'2020-01-30 17:12:45.396000',15,1),(137,'2020-01-30 17:12:45.463000','2020-01-30 17:12:45.463000',NULL,NULL,NULL,'2020-01-30 17:12:45.463000',15,5),(138,'2020-01-30 17:18:16.296000','2020-01-30 17:17:12.311000',NULL,_binary '\0',_binary '\0','2020-01-30 17:17:16.296000',16,5),(139,'2020-01-30 17:17:12.409000','2020-01-30 17:17:12.409000',NULL,NULL,NULL,'2020-01-30 17:17:12.409000',16,7),(140,'2020-01-30 17:17:12.471000','2020-01-30 17:17:12.471000',NULL,NULL,NULL,'2020-01-30 17:17:12.471000',16,1),(141,'2020-01-30 17:17:12.535000','2020-01-30 17:17:12.535000',NULL,NULL,NULL,'2020-01-30 17:17:12.535000',16,10),(142,'2020-01-30 17:17:12.599000','2020-01-30 17:17:12.599000',NULL,NULL,NULL,'2020-01-30 17:17:12.599000',16,2),(143,'2020-01-30 17:17:12.661000','2020-01-30 17:17:12.661000',NULL,NULL,NULL,'2020-01-30 17:17:12.661000',16,8),(144,'2020-01-30 17:17:12.725000','2020-01-30 17:17:12.725000',NULL,NULL,NULL,'2020-01-30 17:17:12.725000',16,3),(145,'2020-01-30 17:17:12.794000','2020-01-30 17:17:12.794000',NULL,NULL,NULL,'2020-01-30 17:17:12.794000',16,9),(146,'2020-01-30 17:17:12.856000','2020-01-30 17:17:12.856000',NULL,NULL,NULL,'2020-01-30 17:17:12.856000',16,6),(147,'2020-01-30 17:17:12.920000','2020-01-30 17:17:12.920000',NULL,NULL,NULL,'2020-01-30 17:17:12.920000',16,4),(148,'2020-01-30 17:19:22.389000','2020-01-30 17:18:16.504000',NULL,_binary '\0',_binary '\0','2020-01-30 17:18:22.389000',17,10),(149,'2020-01-30 17:18:16.511000','2020-01-30 17:18:16.511000',NULL,NULL,NULL,'2020-01-30 17:18:16.511000',17,9),(150,'2020-01-30 17:18:16.517000','2020-01-30 17:18:16.517000',NULL,NULL,NULL,'2020-01-30 17:18:16.517000',17,3),(151,'2020-01-30 17:18:16.524000','2020-01-30 17:18:16.524000',NULL,NULL,NULL,'2020-01-30 17:18:16.524000',17,8),(152,'2020-01-30 17:18:16.531000','2020-01-30 17:18:16.531000',NULL,NULL,NULL,'2020-01-30 17:18:16.531000',17,2),(153,'2020-01-30 17:18:16.539000','2020-01-30 17:18:16.539000',NULL,NULL,NULL,'2020-01-30 17:18:16.539000',17,7),(154,'2020-01-30 17:18:16.545000','2020-01-30 17:18:16.545000',NULL,NULL,NULL,'2020-01-30 17:18:16.545000',17,4),(155,'2020-01-30 17:18:16.550000','2020-01-30 17:18:16.550000',NULL,NULL,NULL,'2020-01-30 17:18:16.550000',17,1),(156,'2020-01-30 17:18:16.556000','2020-01-30 17:18:16.556000',NULL,NULL,NULL,'2020-01-30 17:18:16.556000',17,5),(157,'2020-01-30 17:18:16.562000','2020-01-30 17:18:16.562000',NULL,NULL,NULL,'2020-01-30 17:18:16.562000',17,6),(158,'2020-01-30 18:15:53.790000','2020-01-30 18:14:37.901000',NULL,_binary '\0',_binary '\0','2020-01-30 18:14:53.789000',18,4),(159,'2020-01-30 18:14:37.912000','2020-01-30 18:14:37.912000',NULL,NULL,NULL,'2020-01-30 18:14:37.912000',18,7),(160,'2020-01-30 18:14:37.918000','2020-01-30 18:14:37.918000',NULL,NULL,NULL,'2020-01-30 18:14:37.918000',18,6),(161,'2020-01-30 18:14:37.924000','2020-01-30 18:14:37.924000',NULL,NULL,NULL,'2020-01-30 18:14:37.924000',18,2),(162,'2020-01-30 18:14:37.930000','2020-01-30 18:14:37.930000',NULL,NULL,NULL,'2020-01-30 18:14:37.930000',18,3),(163,'2020-01-30 18:14:37.935000','2020-01-30 18:14:37.935000',NULL,NULL,NULL,'2020-01-30 18:14:37.935000',18,5),(164,'2020-01-30 18:14:37.941000','2020-01-30 18:14:37.941000',NULL,NULL,NULL,'2020-01-30 18:14:37.941000',18,1),(165,'2020-01-30 18:14:37.947000','2020-01-30 18:14:37.947000',NULL,NULL,NULL,'2020-01-30 18:14:37.947000',18,9),(166,'2020-01-30 18:14:37.952000','2020-01-30 18:14:37.952000',NULL,NULL,NULL,'2020-01-30 18:14:37.952000',18,8),(167,'2020-01-30 18:14:37.958000','2020-01-30 18:14:37.958000',NULL,NULL,NULL,'2020-01-30 18:14:37.958000',18,10),(168,'2020-01-30 18:21:43.648000','2020-01-30 18:20:36.947000',NULL,_binary '\0',_binary '\0','2020-01-30 18:20:43.648000',19,9),(169,'2020-01-30 18:20:36.959000','2020-01-30 18:20:36.959000',NULL,NULL,NULL,'2020-01-30 18:20:36.959000',19,5),(170,'2020-01-30 18:20:36.964000','2020-01-30 18:20:36.964000',NULL,NULL,NULL,'2020-01-30 18:20:36.964000',19,8),(171,'2020-01-30 18:20:36.971000','2020-01-30 18:20:36.971000',NULL,NULL,NULL,'2020-01-30 18:20:36.971000',19,4),(172,'2020-01-30 18:20:36.977000','2020-01-30 18:20:36.977000',NULL,NULL,NULL,'2020-01-30 18:20:36.977000',19,1),(173,'2020-01-30 18:20:36.982000','2020-01-30 18:20:36.982000',NULL,NULL,NULL,'2020-01-30 18:20:36.982000',19,7),(174,'2020-01-30 18:20:36.988000','2020-01-30 18:20:36.988000',NULL,NULL,NULL,'2020-01-30 18:20:36.988000',19,10),(175,'2020-01-30 18:20:36.994000','2020-01-30 18:20:36.994000',NULL,NULL,NULL,'2020-01-30 18:20:36.994000',19,6),(176,'2020-01-30 18:20:36.999000','2020-01-30 18:20:36.999000',NULL,NULL,NULL,'2020-01-30 18:20:36.999000',19,2),(177,'2020-01-30 18:20:37.004000','2020-01-30 18:20:37.004000',NULL,NULL,NULL,'2020-01-30 18:20:37.004000',19,3),(178,'2020-01-30 18:25:22.041000','2020-01-30 18:24:17.062000',NULL,_binary '\0',_binary '\0','2020-01-30 18:24:22.041000',20,5),(179,'2020-01-30 18:24:17.073000','2020-01-30 18:24:17.074000',NULL,NULL,NULL,'2020-01-30 18:24:17.073000',20,10),(180,'2020-01-30 18:24:17.080000','2020-01-30 18:24:17.080000',NULL,NULL,NULL,'2020-01-30 18:24:17.080000',20,3),(181,'2020-01-30 18:24:17.087000','2020-01-30 18:24:17.087000',NULL,NULL,NULL,'2020-01-30 18:24:17.086000',20,2),(182,'2020-01-30 18:24:17.092000','2020-01-30 18:24:17.092000',NULL,NULL,NULL,'2020-01-30 18:24:17.092000',20,4),(183,'2020-01-30 18:24:17.098000','2020-01-30 18:24:17.098000',NULL,NULL,NULL,'2020-01-30 18:24:17.098000',20,9),(184,'2020-01-30 18:24:17.104000','2020-01-30 18:24:17.104000',NULL,NULL,NULL,'2020-01-30 18:24:17.104000',20,6),(185,'2020-01-30 18:24:17.112000','2020-01-30 18:24:17.112000',NULL,NULL,NULL,'2020-01-30 18:24:17.112000',20,8),(186,'2020-01-30 18:24:17.118000','2020-01-30 18:24:17.118000',NULL,NULL,NULL,'2020-01-30 18:24:17.118000',20,7),(187,'2020-01-30 18:24:17.124000','2020-01-30 18:24:17.124000',NULL,NULL,NULL,'2020-01-30 18:24:17.124000',20,1),(188,'2020-01-30 18:34:58.246000','2020-01-30 18:33:58.246000',NULL,_binary '',_binary '\0','2020-01-30 18:33:58.246000',21,5),(189,'2020-01-30 18:33:54.733000','2020-01-30 18:33:54.733000',NULL,NULL,NULL,'2020-01-30 18:33:54.733000',21,8),(190,'2020-01-30 18:33:54.739000','2020-01-30 18:33:54.739000',NULL,NULL,NULL,'2020-01-30 18:33:54.739000',21,4),(191,'2020-01-30 18:33:54.746000','2020-01-30 18:33:54.746000',NULL,NULL,NULL,'2020-01-30 18:33:54.746000',21,3),(192,'2020-01-30 18:33:54.751000','2020-01-30 18:33:54.751000',NULL,NULL,NULL,'2020-01-30 18:33:54.751000',21,9),(193,'2020-01-30 18:33:54.757000','2020-01-30 18:33:54.757000',NULL,NULL,NULL,'2020-01-30 18:33:54.757000',21,6),(194,'2020-01-30 18:33:54.763000','2020-01-30 18:33:54.763000',NULL,NULL,NULL,'2020-01-30 18:33:54.763000',21,7),(195,'2020-01-30 18:33:54.769000','2020-01-30 18:33:54.769000',NULL,NULL,NULL,'2020-01-30 18:33:54.769000',21,2),(196,'2020-01-30 18:33:54.775000','2020-01-30 18:33:54.775000',NULL,NULL,NULL,'2020-01-30 18:33:54.775000',21,1),(197,'2020-01-30 18:33:54.782000','2020-01-30 18:33:54.782000',NULL,NULL,NULL,'2020-01-30 18:33:54.782000',21,10),(198,'2020-01-30 18:48:16.791000','2020-01-30 18:47:16.791000',NULL,_binary '\0',_binary '\0','2020-01-30 18:47:16.791000',22,4),(199,'2020-01-30 18:47:16.725000','2020-01-30 18:47:16.725000',NULL,NULL,NULL,'2020-01-30 18:47:16.725000',22,3),(200,'2020-01-30 18:47:16.731000','2020-01-30 18:47:16.731000',NULL,NULL,NULL,'2020-01-30 18:47:16.731000',22,6),(201,'2020-01-30 18:47:16.737000','2020-01-30 18:47:16.737000',NULL,NULL,NULL,'2020-01-30 18:47:16.737000',22,8),(202,'2020-01-30 18:47:16.743000','2020-01-30 18:47:16.743000',NULL,NULL,NULL,'2020-01-30 18:47:16.743000',22,2),(203,'2020-01-30 18:47:16.749000','2020-01-30 18:47:16.748000',NULL,NULL,NULL,'2020-01-30 18:47:16.748000',22,1),(204,'2020-01-30 18:47:16.754000','2020-01-30 18:47:16.754000',NULL,NULL,NULL,'2020-01-30 18:47:16.754000',22,5),(205,'2020-01-30 18:47:16.762000','2020-01-30 18:47:16.762000',NULL,NULL,NULL,'2020-01-30 18:47:16.762000',22,10),(206,'2020-01-30 18:47:16.769000','2020-01-30 18:47:16.769000',NULL,NULL,NULL,'2020-01-30 18:47:16.769000',22,9),(207,'2020-01-30 18:47:16.775000','2020-01-30 18:47:16.775000',NULL,NULL,NULL,'2020-01-30 18:47:16.775000',22,7),(208,'2020-01-30 19:16:15.079000','2020-01-30 19:15:15.079000',NULL,_binary '\0',_binary '\0','2020-01-30 19:15:15.079000',23,8),(209,'2020-01-30 19:15:12.540000','2020-01-30 19:15:12.540000',NULL,NULL,NULL,'2020-01-30 19:15:12.540000',23,6),(210,'2020-01-30 19:15:12.547000','2020-01-30 19:15:12.547000',NULL,NULL,NULL,'2020-01-30 19:15:12.547000',23,1),(211,'2020-01-30 19:15:12.555000','2020-01-30 19:15:12.555000',NULL,NULL,NULL,'2020-01-30 19:15:12.555000',23,10),(212,'2020-01-30 19:15:12.562000','2020-01-30 19:15:12.562000',NULL,NULL,NULL,'2020-01-30 19:15:12.562000',23,9),(213,'2020-01-30 19:15:12.568000','2020-01-30 19:15:12.568000',NULL,NULL,NULL,'2020-01-30 19:15:12.568000',23,5),(214,'2020-01-30 19:15:12.574000','2020-01-30 19:15:12.574000',NULL,NULL,NULL,'2020-01-30 19:15:12.574000',23,2),(215,'2020-01-30 19:15:12.580000','2020-01-30 19:15:12.580000',NULL,NULL,NULL,'2020-01-30 19:15:12.580000',23,3),(216,'2020-01-30 19:15:12.585000','2020-01-30 19:15:12.585000',NULL,NULL,NULL,'2020-01-30 19:15:12.585000',23,4),(217,'2020-01-30 19:15:12.591000','2020-01-30 19:15:12.591000',NULL,NULL,NULL,'2020-01-30 19:15:12.591000',23,7),(218,'2020-01-30 19:51:14.684000','2020-01-30 19:50:14.684000',NULL,_binary '\0',_binary '\0','2020-01-30 19:50:14.684000',24,9),(219,'2020-01-30 19:51:18.425000','2020-01-30 19:50:18.425000',NULL,_binary '\0',_binary '\0','2020-01-30 19:50:18.425000',24,5),(220,'2020-01-30 19:51:22.359000','2020-01-30 19:50:22.359000',NULL,_binary '\0',_binary '\0','2020-01-30 19:50:22.359000',24,7),(221,'2020-01-30 19:51:24.823000','2020-01-30 19:50:24.823000',NULL,_binary '\0',_binary '\0','2020-01-30 19:50:24.823000',24,1),(222,'2020-01-30 19:51:25.944000','2020-01-30 19:50:25.944000',NULL,_binary '\0',_binary '\0','2020-01-30 19:50:25.944000',24,4),(223,'2020-01-30 19:51:26.982000','2020-01-30 19:50:26.982000',NULL,_binary '\0',_binary '\0','2020-01-30 19:50:26.982000',24,3),(224,'2020-01-30 19:51:27.925000','2020-01-30 19:50:27.925000',NULL,_binary '\0',_binary '\0','2020-01-30 19:50:27.925000',24,6),(225,'2020-01-30 19:51:28.955000','2020-01-30 19:50:28.955000',NULL,_binary '\0',_binary '\0','2020-01-30 19:50:28.955000',24,10),(226,'2020-01-30 19:51:30.767000','2020-01-30 19:50:30.767000',NULL,_binary '\0',_binary '\0','2020-01-30 19:50:30.767000',24,8),(227,'2020-01-30 19:51:32.611000','2020-01-30 19:50:32.610000',NULL,_binary '\0',_binary '\0','2020-01-30 19:50:32.610000',24,2),(228,'2020-01-30 20:09:58.399000','2020-01-30 20:08:58.399000',NULL,_binary '\0',_binary '\0','2020-01-30 20:08:58.399000',25,10),(229,'2020-01-30 20:11:53.181000','2020-01-30 20:10:53.181000',NULL,_binary '\0',_binary '\0','2020-01-30 20:10:53.181000',25,8),(230,'2020-01-30 20:12:04.122000','2020-01-30 20:11:04.122000',NULL,_binary '\0',_binary '\0','2020-01-30 20:11:04.122000',25,7),(231,'2020-01-30 20:16:19.649000','2020-01-30 20:08:57.298000',NULL,_binary '\0',_binary '\0','2020-01-30 20:15:19.649000',25,4),(232,'2020-01-30 20:08:57.304000','2020-01-30 20:08:57.304000',NULL,NULL,NULL,'2020-01-30 20:08:57.304000',25,5),(233,'2020-01-30 20:08:57.310000','2020-01-30 20:08:57.310000',NULL,NULL,NULL,'2020-01-30 20:08:57.310000',25,2),(234,'2020-01-30 20:08:57.316000','2020-01-30 20:08:57.316000',NULL,NULL,NULL,'2020-01-30 20:08:57.316000',25,9),(235,'2020-01-30 20:08:57.323000','2020-01-30 20:08:57.323000',NULL,NULL,NULL,'2020-01-30 20:08:57.323000',25,1),(236,'2020-01-30 20:08:57.333000','2020-01-30 20:08:57.333000',NULL,NULL,NULL,'2020-01-30 20:08:57.333000',25,6),(237,'2020-01-30 20:08:57.341000','2020-01-30 20:08:57.341000',NULL,NULL,NULL,'2020-01-30 20:08:57.341000',25,3),(238,'2020-01-30 20:29:55.958000','2020-01-30 20:28:58.727000','1231',_binary '\0',_binary '\0','2020-01-30 20:28:55.958000',26,9),(239,'2020-01-30 20:28:55.894000','2020-01-30 20:28:55.894000',NULL,NULL,NULL,'2020-01-30 20:28:55.894000',26,4),(240,'2020-01-30 20:28:55.903000','2020-01-30 20:28:55.903000',NULL,NULL,NULL,'2020-01-30 20:28:55.903000',26,5),(241,'2020-01-30 20:28:55.909000','2020-01-30 20:28:55.909000',NULL,NULL,NULL,'2020-01-30 20:28:55.909000',26,7),(242,'2020-01-30 20:28:55.916000','2020-01-30 20:28:55.916000',NULL,NULL,NULL,'2020-01-30 20:28:55.916000',26,2),(243,'2020-01-30 20:28:55.922000','2020-01-30 20:28:55.922000',NULL,NULL,NULL,'2020-01-30 20:28:55.922000',26,1),(244,'2020-01-30 20:28:55.927000','2020-01-30 20:28:55.927000',NULL,NULL,NULL,'2020-01-30 20:28:55.927000',26,6),(245,'2020-01-30 20:28:55.935000','2020-01-30 20:28:55.935000',NULL,NULL,NULL,'2020-01-30 20:28:55.935000',26,3),(246,'2020-01-30 20:28:55.940000','2020-01-30 20:28:55.940000',NULL,NULL,NULL,'2020-01-30 20:28:55.940000',26,8),(247,'2020-01-30 20:28:55.945000','2020-01-30 20:28:55.945000',NULL,NULL,NULL,'2020-01-30 20:28:55.945000',26,10),(248,'2020-01-30 20:31:45.938000','2020-01-30 20:30:48.736000','1233',_binary '\0',_binary '\0','2020-01-30 20:30:45.938000',27,9),(249,'2020-01-30 20:31:48.776000','2020-01-30 20:31:06.360000','1.2',_binary '',_binary '\0','2020-01-30 20:30:48.776000',27,4),(250,'2020-01-30 20:32:06.392000','2020-01-30 20:31:10.370000','123',_binary '\0',_binary '\0','2020-01-30 20:31:06.392000',27,2),(251,'2020-01-30 20:32:10.403000','2020-01-30 20:31:11.901000','11',_binary '\0',_binary '\0','2020-01-30 20:31:10.403000',27,10),(252,'2020-01-30 20:32:11.930000','2020-01-30 20:31:13.187000','222',_binary '\0',_binary '\0','2020-01-30 20:31:11.930000',27,6),(253,'2020-01-30 20:32:13.217000','2020-01-30 20:31:15.077000','333344',_binary '\0',_binary '\0','2020-01-30 20:31:13.217000',27,5),(254,'2020-01-30 20:32:15.102000','2020-01-30 20:31:16.264000','555',_binary '\0',_binary '\0','2020-01-30 20:31:15.102000',27,8),(255,'2020-01-30 20:32:16.295000','2020-01-30 20:31:17.223000','66',_binary '\0',_binary '\0','2020-01-30 20:31:16.295000',27,1),(256,'2020-01-30 20:32:17.249000','2020-01-30 20:31:18.240000','77',_binary '\0',_binary '\0','2020-01-30 20:31:17.249000',27,7),(257,'2020-01-30 20:32:18.265000','2020-01-30 20:31:19.458000','88',_binary '\0',_binary '\0','2020-01-30 20:31:18.265000',27,3);
/*!40000 ALTER TABLE `phase` ENABLE KEYS */;
UNLOCK TABLES;

--
-- Table structure for table `question`
--

DROP TABLE IF EXISTS `question`;
/*!40101 SET @saved_cs_client     = @@character_set_client */;
/*!50503 SET character_set_client = utf8mb4 */;
CREATE TABLE `question` (
  `question_id` bigint(20) NOT NULL AUTO_INCREMENT,
  `body` varchar(300) NOT NULL,
  `correct_answer` varchar(100) NOT NULL,
  `hint` varchar(200) NOT NULL,
  PRIMARY KEY (`question_id`)
) ENGINE=InnoDB AUTO_INCREMENT=32 DEFAULT CHARSET=utf8;
/*!40101 SET character_set_client = @saved_cs_client */;

--
-- Dumping data for table `question`
--

LOCK TABLES `question` WRITE;
/*!40000 ALTER TABLE `question` DISABLE KEYS */;
INSERT INTO `question` VALUES (1,'What is the biggest country on planet Earth?','russia','It is located in Eurasia.'),(2,'Who is considered to be the \"father of computer\"?','charles babbage','He was an English mechanical engineer from 19th century.'),(3,'In what year was Java initially released?','1995','The same year the Internet was privatized.'),(4,'In what version of Java the collections framework was initially introduced?','1.2','Swing framework was introduced in the same version.'),(5,'In what year JDK 8.0 was released?','2014','The same year most of the Revolution of Dignity had undergone.'),(6,'What is the size of the int variable?','32 bit','Less than 64 bit.'),(7,'What is the default value of float variable?','0.0f','Ends with an F.'),(8,'In what JDK lambda was introduced?','8','It was released in 2014.'),(9,'Static binding uses which information for binding?','Type','Not object'),(10,'Which operator is considered to be with highest precedence','++','-- or...'),(11,'Best IT company in Ukraine?','EPAM','It was founded in Minsk.'),(12,'How many scopes does the Spring bean have?','5','More than 3'),(13,'What is the main idea behind Spring Framework?','IoC','Dependency Injection and...'),(14,'What is the name of the main Spring servlet?','DispatcherServlet','A profession in aviation to delegate flights.'),(15,'What is the current version of Spring Framework?','5','Less than 6'),(16,'What is the underlying solution of Spring controllers?','Front Controller pattern','A Java EE pattern.'),(17,'How many modules there are in Spring Framework?','20','The current year.'),(18,'What A stands for in ACID?','Atomicity.','Nuclear.'),(19,'How many transaction levels there are?','4','Less than spring versions.'),(20,'What is the default view implementation in Spring?','Thymeleaf','Grass.'),(21,'After whom the L in SOLID was named after?','Barbara Liskov','A female scientist.'),(22,'A process of getting only the required amount of entries from DB?','Pagination','Akin to a book.'),(23,'How many types of streams there are?','2','A pair.'),(24,'What does D in SOLID stand for?','Dependency Inversion','A relationship type.'),(25,'What is the default Spring JPA?','Hibernate','Sound a lot like herbivore.'),(26,'What is the root class of all exceptions/errors?','Throwable','Like a boomerang.'),(27,'What is the underlying implementation of HashSet in Java','HashMap','It has buckets.'),(28,'What\'s the first to initialize in class?','Parent static fields','A certain type of a field.'),(29,'Pattern which is used in Filters?','Chain of Responsibility','Like an upgraded rope.'),(30,'How many annotation scopes there is?','3','Like musketeers.'),(31,'Are comparable and comparator the same?','No','It is obvious.');
/*!40000 ALTER TABLE `question` ENABLE KEYS */;
UNLOCK TABLES;

--
-- Table structure for table `team`
--

DROP TABLE IF EXISTS `team`;
/*!40101 SET @saved_cs_client     = @@character_set_client */;
/*!50503 SET character_set_client = utf8mb4 */;
CREATE TABLE `team` (
  `team_id` bigint(20) NOT NULL AUTO_INCREMENT,
  `team_name` varchar(32) NOT NULL,
  PRIMARY KEY (`team_id`),
  UNIQUE KEY `UK_sob22siqdnn2rfsxk6f00pgwb` (`team_name`)
) ENGINE=InnoDB AUTO_INCREMENT=2 DEFAULT CHARSET=utf8;
/*!40101 SET character_set_client = @saved_cs_client */;

--
-- Dumping data for table `team`
--

LOCK TABLES `team` WRITE;
/*!40000 ALTER TABLE `team` DISABLE KEYS */;
INSERT INTO `team` VALUES (1,'Sparrows');
/*!40000 ALTER TABLE `team` ENABLE KEYS */;
UNLOCK TABLES;

--
-- Table structure for table `user`
--

DROP TABLE IF EXISTS `user`;
/*!40101 SET @saved_cs_client     = @@character_set_client */;
/*!50503 SET character_set_client = utf8mb4 */;
CREATE TABLE `user` (
  `user_id` bigint(20) NOT NULL AUTO_INCREMENT,
  `email` varchar(255) NOT NULL,
  `is_captain` bit(1) NOT NULL,
  `name` varchar(255) NOT NULL,
  `password` varchar(255) NOT NULL,
  `role` varchar(255) NOT NULL,
  `surname` varchar(255) NOT NULL,
  `team_id` bigint(20) DEFAULT NULL,
  PRIMARY KEY (`user_id`),
  UNIQUE KEY `UK_ob8kqyqqgmefl0aco34akdtpe` (`email`),
  KEY `FKbmqm8c8m2aw1vgrij7h0od0ok` (`team_id`),
  CONSTRAINT `FKbmqm8c8m2aw1vgrij7h0od0ok` FOREIGN KEY (`team_id`) REFERENCES `team` (`team_id`)
) ENGINE=InnoDB AUTO_INCREMENT=3 DEFAULT CHARSET=utf8;
/*!40101 SET character_set_client = @saved_cs_client */;

--
-- Dumping data for table `user`
--

LOCK TABLES `user` WRITE;
/*!40000 ALTER TABLE `user` DISABLE KEYS */;
INSERT INTO `user` VALUES (1,'alex@mail.com',_binary '','Alex','$2a$10$XBtKbkPaaDbVA2geE3JXAOMsEzI48nThFAeD3WJlHiRcNGMIN6BlO','PLAYER','Popov',1),(2,'vlad@mail.com',_binary '\0','Vladyslav','$2a$10$DLoaTM3YuHFh.IMvbYzEg.aMzO4TiY.2vkhD48mmWEw9YjI1JaBSy','JUDGE','Khurtin',NULL);
/*!40000 ALTER TABLE `user` ENABLE KEYS */;
UNLOCK TABLES;
/*!40103 SET TIME_ZONE=@OLD_TIME_ZONE */;

/*!40101 SET SQL_MODE=@OLD_SQL_MODE */;
/*!40014 SET FOREIGN_KEY_CHECKS=@OLD_FOREIGN_KEY_CHECKS */;
/*!40014 SET UNIQUE_CHECKS=@OLD_UNIQUE_CHECKS */;
/*!40101 SET CHARACTER_SET_CLIENT=@OLD_CHARACTER_SET_CLIENT */;
/*!40101 SET CHARACTER_SET_RESULTS=@OLD_CHARACTER_SET_RESULTS */;
/*!40101 SET COLLATION_CONNECTION=@OLD_COLLATION_CONNECTION */;
/*!40111 SET SQL_NOTES=@OLD_SQL_NOTES */;

-- Dump completed on 2020-01-31 20:16:20
